{
  "name": "SROS_BGP.yml",
  "type": "clab",
  "clab": {
    "config": {
      "prefix": "clab",
      "mgmt": {
        "network": "clab",
        "bridge": "br-7bde669ccde6",
        "ipv4-subnet": "172.20.20.0/24",
        "ipv4-gw": "172.20.20.1",
        "ipv6-subnet": "2001:172:20:20::/64",
        "ipv6-gw": "2001:172:20:20::1",
        "mtu": "1500",
        "external-access": true
      }
    }
  },
  "nodes": {
    "R1": {
      "index": "0",
      "shortname": "R1",
      "longname": "clab-SROS_BGP.yml-R1",
      "fqdn": "R1.SROS_BGP.yml.io",
      "group": "",
      "labdir": "/home/nuno/clab-quickstart/clab_SROS_BGP/clab-SROS_BGP.yml/R1",
      "kind": "vr-sros",
      "image": "registry.srlinux.dev/pub/vr-sros:22.7.R1",
      "mgmt-net": "",
      "mgmt-intf": "",
      "mgmt-ipv4-address": "172.20.20.7",
      "mgmt-ipv4-prefix-length": 24,
      "mgmt-ipv6-address": "2001:172:20:20::7",
      "mgmt-ipv6-prefix-length": 64,
      "mac-address": "",
      "labels": {
        "clab-mgmt-net-bridge": "br-7bde669ccde6",
        "clab-node-group": "",
        "clab-node-kind": "vr-sros",
        "clab-node-lab-dir": "/home/nuno/clab-quickstart/clab_SROS_BGP/clab-SROS_BGP.yml/R1",
        "clab-node-name": "R1",
        "clab-node-type": "cp: cpu=2 min_ram=4 chassis=sr-7s slot=A sfm=sfm-s card=cpm2-s ___ lc: cpu=4 min_ram=6 max_nics=6 chassis=sr-7s slot=1 sfm=sfm-s card=xcm-7s xiom/x1=iom-s-1.5t mda/x1/1=ms24-10/100gb-sfpdd ___",
        "clab-topo-file": "/home/nuno/clab-quickstart/clab_SROS_BGP/clab_SROS_BGP.yml",
        "containerlab": "SROS_BGP.yml"
      }
    },
    "R2": {
      "index": "1",
      "shortname": "R2",
      "longname": "clab-SROS_BGP.yml-R2",
      "fqdn": "R2.SROS_BGP.yml.io",
      "group": "",
      "labdir": "/home/nuno/clab-quickstart/clab_SROS_BGP/clab-SROS_BGP.yml/R2",
      "kind": "vr-sros",
      "image": "registry.srlinux.dev/pub/vr-sros:22.7.R1",
      "mgmt-net": "",
      "mgmt-intf": "",
      "mgmt-ipv4-address": "172.20.20.8",
      "mgmt-ipv4-prefix-length": 24,
      "mgmt-ipv6-address": "2001:172:20:20::8",
      "mgmt-ipv6-prefix-length": 64,
      "mac-address": "",
      "labels": {
        "clab-mgmt-net-bridge": "br-7bde669ccde6",
        "clab-node-group": "",
        "clab-node-kind": "vr-sros",
        "clab-node-lab-dir": "/home/nuno/clab-quickstart/clab_SROS_BGP/clab-SROS_BGP.yml/R2",
        "clab-node-name": "R2",
        "clab-node-type": "cp: cpu=2 min_ram=4 chassis=sr-7s slot=A sfm=sfm-s card=cpm2-s ___ lc: cpu=4 min_ram=6 max_nics=6 chassis=sr-7s slot=1 sfm=sfm-s card=xcm-7s xiom/x1=iom-s-1.5t mda/x1/1=ms24-10/100gb-sfpdd ___",
        "clab-topo-file": "/home/nuno/clab-quickstart/clab_SROS_BGP/clab_SROS_BGP.yml",
        "containerlab": "SROS_BGP.yml"
      }
    },
    "R3": {
      "index": "2",
      "shortname": "R3",
      "longname": "clab-SROS_BGP.yml-R3",
      "fqdn": "R3.SROS_BGP.yml.io",
      "group": "",
      "labdir": "/home/nuno/clab-quickstart/clab_SROS_BGP/clab-SROS_BGP.yml/R3",
      "kind": "vr-sros",
      "image": "registry.srlinux.dev/pub/vr-sros:22.7.R1",
      "mgmt-net": "",
      "mgmt-intf": "",
      "mgmt-ipv4-address": "172.20.20.3",
      "mgmt-ipv4-prefix-length": 24,
      "mgmt-ipv6-address": "2001:172:20:20::3",
      "mgmt-ipv6-prefix-length": 64,
      "mac-address": "",
      "labels": {
        "clab-mgmt-net-bridge": "br-7bde669ccde6",
        "clab-node-group": "",
        "clab-node-kind": "vr-sros",
        "clab-node-lab-dir": "/home/nuno/clab-quickstart/clab_SROS_BGP/clab-SROS_BGP.yml/R3",
        "clab-node-name": "R3",
        "clab-node-type": "cp: cpu=2 min_ram=4 chassis=sr-7s slot=A sfm=sfm-s card=cpm2-s ___ lc: cpu=4 min_ram=6 max_nics=6 chassis=sr-7s slot=1 sfm=sfm-s card=xcm-7s xiom/x1=iom-s-1.5t mda/x1/1=ms24-10/100gb-sfpdd ___",
        "clab-topo-file": "/home/nuno/clab-quickstart/clab_SROS_BGP/clab_SROS_BGP.yml",
        "containerlab": "SROS_BGP.yml"
      }
    },
    "R4": {
      "index": "3",
      "shortname": "R4",
      "longname": "clab-SROS_BGP.yml-R4",
      "fqdn": "R4.SROS_BGP.yml.io",
      "group": "",
      "labdir": "/home/nuno/clab-quickstart/clab_SROS_BGP/clab-SROS_BGP.yml/R4",
      "kind": "vr-sros",
      "image": "registry.srlinux.dev/pub/vr-sros:22.7.R1",
      "mgmt-net": "",
      "mgmt-intf": "",
      "mgmt-ipv4-address": "172.20.20.6",
      "mgmt-ipv4-prefix-length": 24,
      "mgmt-ipv6-address": "2001:172:20:20::6",
      "mgmt-ipv6-prefix-length": 64,
      "mac-address": "",
      "labels": {
        "clab-mgmt-net-bridge": "br-7bde669ccde6",
        "clab-node-group": "",
        "clab-node-kind": "vr-sros",
        "clab-node-lab-dir": "/home/nuno/clab-quickstart/clab_SROS_BGP/clab-SROS_BGP.yml/R4",
        "clab-node-name": "R4",
        "clab-node-type": "cp: cpu=2 min_ram=4 chassis=sr-7s slot=A sfm=sfm-s card=cpm2-s ___ lc: cpu=4 min_ram=6 max_nics=6 chassis=sr-7s slot=1 sfm=sfm-s card=xcm-7s xiom/x1=iom-s-1.5t mda/x1/1=ms24-10/100gb-sfpdd ___",
        "clab-topo-file": "/home/nuno/clab-quickstart/clab_SROS_BGP/clab_SROS_BGP.yml",
        "containerlab": "SROS_BGP.yml"
      }
    },
    "R5": {
      "index": "4",
      "shortname": "R5",
      "longname": "clab-SROS_BGP.yml-R5",
      "fqdn": "R5.SROS_BGP.yml.io",
      "group": "",
      "labdir": "/home/nuno/clab-quickstart/clab_SROS_BGP/clab-SROS_BGP.yml/R5",
      "kind": "vr-sros",
      "image": "registry.srlinux.dev/pub/vr-sros:22.7.R1",
      "mgmt-net": "",
      "mgmt-intf": "",
      "mgmt-ipv4-address": "172.20.20.10",
      "mgmt-ipv4-prefix-length": 24,
      "mgmt-ipv6-address": "2001:172:20:20::a",
      "mgmt-ipv6-prefix-length": 64,
      "mac-address": "",
      "labels": {
        "clab-mgmt-net-bridge": "br-7bde669ccde6",
        "clab-node-group": "",
        "clab-node-kind": "vr-sros",
        "clab-node-lab-dir": "/home/nuno/clab-quickstart/clab_SROS_BGP/clab-SROS_BGP.yml/R5",
        "clab-node-name": "R5",
        "clab-node-type": "cp: cpu=2 min_ram=4 chassis=sr-7s slot=A sfm=sfm-s card=cpm2-s ___ lc: cpu=4 min_ram=6 max_nics=6 chassis=sr-7s slot=1 sfm=sfm-s card=xcm-7s xiom/x1=iom-s-1.5t mda/x1/1=ms24-10/100gb-sfpdd ___",
        "clab-topo-file": "/home/nuno/clab-quickstart/clab_SROS_BGP/clab_SROS_BGP.yml",
        "containerlab": "SROS_BGP.yml"
      }
    },
    "R6": {
      "index": "5",
      "shortname": "R6",
      "longname": "clab-SROS_BGP.yml-R6",
      "fqdn": "R6.SROS_BGP.yml.io",
      "group": "",
      "labdir": "/home/nuno/clab-quickstart/clab_SROS_BGP/clab-SROS_BGP.yml/R6",
      "kind": "vr-sros",
      "image": "registry.srlinux.dev/pub/vr-sros:22.7.R1",
      "mgmt-net": "",
      "mgmt-intf": "",
      "mgmt-ipv4-address": "172.20.20.11",
      "mgmt-ipv4-prefix-length": 24,
      "mgmt-ipv6-address": "2001:172:20:20::b",
      "mgmt-ipv6-prefix-length": 64,
      "mac-address": "",
      "labels": {
        "clab-mgmt-net-bridge": "br-7bde669ccde6",
        "clab-node-group": "",
        "clab-node-kind": "vr-sros",
        "clab-node-lab-dir": "/home/nuno/clab-quickstart/clab_SROS_BGP/clab-SROS_BGP.yml/R6",
        "clab-node-name": "R6",
        "clab-node-type": "cp: cpu=2 min_ram=4 chassis=sr-7s slot=A sfm=sfm-s card=cpm2-s ___ lc: cpu=4 min_ram=6 max_nics=6 chassis=sr-7s slot=1 sfm=sfm-s card=xcm-7s xiom/x1=iom-s-1.5t mda/x1/1=ms24-10/100gb-sfpdd ___",
        "clab-topo-file": "/home/nuno/clab-quickstart/clab_SROS_BGP/clab_SROS_BGP.yml",
        "containerlab": "SROS_BGP.yml"
      }
    },
    "R7": {
      "index": "6",
      "shortname": "R7",
      "longname": "clab-SROS_BGP.yml-R7",
      "fqdn": "R7.SROS_BGP.yml.io",
      "group": "",
      "labdir": "/home/nuno/clab-quickstart/clab_SROS_BGP/clab-SROS_BGP.yml/R7",
      "kind": "vr-sros",
      "image": "registry.srlinux.dev/pub/vr-sros:22.7.R1",
      "mgmt-net": "",
      "mgmt-intf": "",
      "mgmt-ipv4-address": "172.20.20.4",
      "mgmt-ipv4-prefix-length": 24,
      "mgmt-ipv6-address": "2001:172:20:20::4",
      "mgmt-ipv6-prefix-length": 64,
      "mac-address": "",
      "labels": {
        "clab-mgmt-net-bridge": "br-7bde669ccde6",
        "clab-node-group": "",
        "clab-node-kind": "vr-sros",
        "clab-node-lab-dir": "/home/nuno/clab-quickstart/clab_SROS_BGP/clab-SROS_BGP.yml/R7",
        "clab-node-name": "R7",
        "clab-node-type": "cp: cpu=2 min_ram=4 chassis=sr-7s slot=A sfm=sfm-s card=cpm2-s ___ lc: cpu=4 min_ram=6 max_nics=6 chassis=sr-7s slot=1 sfm=sfm-s card=xcm-7s xiom/x1=iom-s-1.5t mda/x1/1=ms24-10/100gb-sfpdd ___",
        "clab-topo-file": "/home/nuno/clab-quickstart/clab_SROS_BGP/clab_SROS_BGP.yml",
        "containerlab": "SROS_BGP.yml"
      }
    },
    "R8": {
      "index": "7",
      "shortname": "R8",
      "longname": "clab-SROS_BGP.yml-R8",
      "fqdn": "R8.SROS_BGP.yml.io",
      "group": "",
      "labdir": "/home/nuno/clab-quickstart/clab_SROS_BGP/clab-SROS_BGP.yml/R8",
      "kind": "vr-sros",
      "image": "registry.srlinux.dev/pub/vr-sros:22.7.R1",
      "mgmt-net": "",
      "mgmt-intf": "",
      "mgmt-ipv4-address": "172.20.20.9",
      "mgmt-ipv4-prefix-length": 24,
      "mgmt-ipv6-address": "2001:172:20:20::9",
      "mgmt-ipv6-prefix-length": 64,
      "mac-address": "",
      "labels": {
        "clab-mgmt-net-bridge": "br-7bde669ccde6",
        "clab-node-group": "",
        "clab-node-kind": "vr-sros",
        "clab-node-lab-dir": "/home/nuno/clab-quickstart/clab_SROS_BGP/clab-SROS_BGP.yml/R8",
        "clab-node-name": "R8",
        "clab-node-type": "cp: cpu=2 min_ram=4 chassis=sr-7s slot=A sfm=sfm-s card=cpm2-s ___ lc: cpu=4 min_ram=6 max_nics=6 chassis=sr-7s slot=1 sfm=sfm-s card=xcm-7s xiom/x1=iom-s-1.5t mda/x1/1=ms24-10/100gb-sfpdd ___",
        "clab-topo-file": "/home/nuno/clab-quickstart/clab_SROS_BGP/clab_SROS_BGP.yml",
        "containerlab": "SROS_BGP.yml"
      }
    }
  },
  "links": [
    {
      "a": {
        "node": "R1",
        "interface": "eth1",
        "mac": "aa:c1:ab:e2:29:43",
        "peer": "z"
      },
      "z": {
        "node": "R2",
        "interface": "eth1",
        "mac": "aa:c1:ab:11:34:23",
        "peer": "a"
      }
    },
    {
      "a": {
        "node": "R3",
        "interface": "eth1",
        "mac": "aa:c1:ab:50:d5:a3",
        "peer": "z"
      },
      "z": {
        "node": "R4",
        "interface": "eth1",
        "mac": "aa:c1:ab:ea:3a:a5",
        "peer": "a"
      }
    },
    {
      "a": {
        "node": "R5",
        "interface": "eth1",
        "mac": "aa:c1:ab:31:88:7e",
        "peer": "z"
      },
      "z": {
        "node": "R6",
        "interface": "eth1",
        "mac": "aa:c1:ab:cb:e2:1d",
        "peer": "a"
      }
    },
    {
      "a": {
        "node": "R7",
        "interface": "eth1",
        "mac": "aa:c1:ab:ae:3e:31",
        "peer": "z"
      },
      "z": {
        "node": "R8",
        "interface": "eth1",
        "mac": "aa:c1:ab:91:1e:27",
        "peer": "a"
      }
    },
    {
      "a": {
        "node": "R1",
        "interface": "eth2",
        "mac": "aa:c1:ab:6e:50:23",
        "peer": "z"
      },
      "z": {
        "node": "R3",
        "interface": "eth2",
        "mac": "aa:c1:ab:fe:5e:4d",
        "peer": "a"
      }
    },
    {
      "a": {
        "node": "R2",
        "interface": "eth2",
        "mac": "aa:c1:ab:b2:52:8a",
        "peer": "z"
      },
      "z": {
        "node": "R4",
        "interface": "eth2",
        "mac": "aa:c1:ab:b7:e8:d2",
        "peer": "a"
      }
    },
    {
      "a": {
        "node": "R1",
        "interface": "eth3",
        "mac": "aa:c1:ab:42:5b:b6",
        "peer": "z"
      },
      "z": {
        "node": "R5",
        "interface": "eth3",
        "mac": "aa:c1:ab:90:80:4f",
        "peer": "a"
      }
    },
    {
      "a": {
        "node": "R2",
        "interface": "eth3",
        "mac": "aa:c1:ab:e7:d4:4c",
        "peer": "z"
      },
      "z": {
        "node": "R6",
        "interface": "eth3",
        "mac": "aa:c1:ab:91:7f:ef",
        "peer": "a"
      }
    },
    {
      "a": {
        "node": "R3",
        "interface": "eth3",
        "mac": "aa:c1:ab:0c:7a:ad",
        "peer": "z"
      },
      "z": {
        "node": "R7",
        "interface": "eth3",
        "mac": "aa:c1:ab:e4:a4:f0",
        "peer": "a"
      }
    },
    {
      "a": {
        "node": "R4",
        "interface": "eth3",
        "mac": "aa:c1:ab:ac:47:d5",
        "peer": "z"
      },
      "z": {
        "node": "R8",
        "interface": "eth3",
        "mac": "aa:c1:ab:d4:3b:25",
        "peer": "a"
      }
    }
  ]
}
